iter	F1	Logloss
0	0.8639115557	0.6534368846
1	0.8672286617	0.6141721899
2	0.8588859416	0.5821696715
3	0.8687187582	0.5495654821
4	0.8632750397	0.524634237
5	0.8689691537	0.4899365824
6	0.8801879405	0.4588597644
7	0.8887163561	0.4257017764
8	0.8997193162	0.3993013346
9	0.8997965412	0.3790827524
10	0.9000254388	0.3611550524
11	0.9008097166	0.3380380984
12	0.9010877814	0.320770353
13	0.9012875536	0.305085837
14	0.9014865205	0.2902907334
15	0.9011320755	0.2751867097
16	0.9014580191	0.2613814773
17	0.901734104	0.2488317549
18	0.9020592667	0.2376670499
19	0.9020592667	0.2292963617
20	0.9019607843	0.2227932727
21	0.9019607843	0.2134981042
22	0.9015075377	0.2058744544
23	0.9015075377	0.2003361248
24	0.9017834715	0.193807402
25	0.9028858218	0.1877175828
26	0.9026593076	0.1834268408
27	0.9028858218	0.1787696161
28	0.9028858218	0.1761018768
29	0.901734104	0.1726083541
30	0.9016846869	0.1707936563
31	0.9016846869	0.166941348
32	0.9016846869	0.1620987543
33	0.9019607843	0.1595095
34	0.901734104	0.1566409907
35	0.901734104	0.1543734003
36	0.9028370575	0.152701145
37	0.9019607843	0.1507476936
38	0.9019607843	0.1487736758
39	0.9019607843	0.1467506214
40	0.9016846869	0.1448659213
41	0.9026415094	0.1433904998
42	0.9023653749	0.1423287208
43	0.9023653749	0.1413362586
44	0.9024144869	0.1403039592
45	0.9024144869	0.1392094848
46	0.9026415094	0.1378540488
47	0.9026415094	0.1353878237
48	0.9028686462	0.1344167011
49	0.9025924994	0.1336807321
50	0.9028197382	0.1327527356
51	0.9025924994	0.1304989932
52	0.9028197382	0.1299928792
53	0.9025924994	0.1289981049
54	0.9028197382	0.128587922
55	0.9025924994	0.1272843725
56	0.9028197382	0.1258537506
57	0.9028197382	0.1255607124
58	0.9028197382	0.1251336126
59	0.9030470914	0.1247421665
60	0.9030470914	0.1243801147
61	0.9030470914	0.1240391593
62	0.9035021416	0.1236368546
63	0.9035021416	0.1222580669
64	0.9035021416	0.1217238972
65	0.9037783375	0.1210686063
66	0.9052049283	0.1203167559
67	0.9051094891	0.1199334204
68	0.9058882738	0.119299094
69	0.9058882738	0.1189749863
70	0.9058882738	0.1185612706
71	0.9058408862	0.1182301423
72	0.9058408862	0.1171498827
73	0.9058408862	0.1165476391
74	0.9060690003	0.1163215552
75	0.9060690003	0.1157278051
76	0.9060690003	0.1154939172
77	0.9058408862	0.1148918271
78	0.9058408862	0.1147429865
79	0.9060690003	0.1144158952
80	0.9060690003	0.1140934157
81	0.9062972292	0.1138686233
82	0.9062972292	0.1136343223
83	0.9062972292	0.1135736582
84	0.9062972292	0.1132893673
85	0.9062972292	0.1130606943
86	0.9062972292	0.11290986
87	0.9062972292	0.1126778759
88	0.9062972292	0.1123776165
89	0.9062972292	0.112304237
90	0.9062972292	0.1118846721
91	0.9062972292	0.1116375658
92	0.9068010076	0.1112149172
93	0.9068010076	0.1110540488
94	0.9070294785	0.1108764843
95	0.9068479355	0.1107199999
96	0.9073514602	0.1104970536
97	0.9076264787	0.1100206148
98	0.9076264787	0.1098759621
99	0.9076264787	0.1098290002
100	0.9078549849	0.1095924296
101	0.9078549849	0.1092736349
102	0.9080836061	0.1090361482
103	0.9083585096	0.1087396801
104	0.9083585096	0.1080929928
105	0.9080836061	0.1075886818
106	0.9085872576	0.1073794236
107	0.9085872576	0.1072480419
108	0.9088161209	0.1066052435
109	0.9083585096	0.106489051
110	0.9085872576	0.1064345011
111	0.9088620342	0.10619081
112	0.9085872576	0.1060644821
113	0.9088620342	0.1059099956
114	0.9088620342	0.1058020706
115	0.9094567404	0.1055502918
116	0.909730953	0.1055024848
117	0.909730953	0.1054286721
118	0.9095022624	0.1052448537
119	0.9095022624	0.1050645609
120	0.909730953	0.1047520922
121	0.909730953	0.1046551035
122	0.9101886792	0.1045522975
123	0.9106918239	0.1043876402
124	0.9106918239	0.1040520225
125	0.9104627767	0.1039502025
126	0.9109657948	0.1038986013
127	0.9114688129	0.1038110073
128	0.9120160885	0.1036055586
129	0.91228952	0.1035490757
130	0.91228952	0.10348282
131	0.9125628141	0.1033438818
132	0.9128359709	0.1032892806
133	0.9125628141	0.10325612
134	0.9125628141	0.103228947
135	0.9128359709	0.103140814
136	0.9126067303	0.1030583875
137	0.9128797389	0.1029923684
138	0.9128797389	0.1029453069
139	0.9128797389	0.102650846
140	0.9131089905	0.1024999134
141	0.9131089905	0.1024873087
142	0.9136546185	0.1024260572
143	0.9131089905	0.1023320277
144	0.9131089905	0.1022331376
145	0.9131089905	0.1021379944
146	0.9128797389	0.1019077225
147	0.9130653266	0.1017821054
148	0.9135678392	0.1016030665
149	0.9138407435	0.1014945398
150	0.9138407435	0.1013859017
151	0.9145728643	0.1012960843
152	0.9145728643	0.101246068
153	0.9145728643	0.1012154882
154	0.9148027142	0.1010726844
155	0.9148455162	0.1009592228
156	0.9145299145	0.1008360789
157	0.9147598692	0.1007802701
158	0.9147598692	0.1006647381
159	0.9150326797	0.1005014713
160	0.9150326797	0.1003284644
161	0.9150326797	0.1002432202
162	0.9153053531	0.09985946071
163	0.9155354449	0.09969435168
164	0.9153053531	0.09961422741
165	0.9157656525	0.09953080415
166	0.9157656525	0.09944880544
167	0.9157656525	0.09935242085
168	0.9157656525	0.09930125309
169	0.9157656525	0.09925048689
170	0.9157656525	0.09923596507
171	0.9162685441	0.09895605345
172	0.9160382102	0.09890141411
173	0.9165409754	0.09852687533
174	0.9165409754	0.09847887317
175	0.9165829146	0.09830386277
176	0.9165829146	0.0982774196
177	0.9165829146	0.09819967103
178	0.9165829146	0.0981131668
179	0.9165829146	0.09805445881
180	0.9163526752	0.09792571823
181	0.9163526752	0.09778982321
182	0.9163526752	0.09775241621
183	0.9163526752	0.09755633917
184	0.9166248117	0.09747311809
185	0.9163526752	0.09741090393
186	0.9163526752	0.09735246084
187	0.9163526752	0.09729808284
188	0.9166248117	0.09713533855
189	0.9171686747	0.09703952402
190	0.9174404015	0.09696532833
191	0.917711992	0.09673134327
192	0.9174404015	0.09670556332
193	0.917711992	0.0966033853
194	0.9174404015	0.09645205432
195	0.9176706827	0.09636941496
196	0.9174404015	0.09632856136
197	0.9176706827	0.09617541025
198	0.9179422836	0.09606248339
199	0.9179422836	0.0959461376
200	0.9182137481	0.09582818867
201	0.9179422836	0.09575509379
202	0.9181726908	0.09550759629
203	0.9181726908	0.0954911681
204	0.9186746988	0.09541078767
205	0.9186746988	0.09535822823
206	0.9184441656	0.0952763907
207	0.9187155043	0.09519239948
208	0.9191767068	0.09514356352
209	0.9191767068	0.09512992491
210	0.9191767068	0.09503259229
211	0.9189053477	0.09497676396
212	0.9197190166	0.09483080499
213	0.9199899674	0.09469479575
214	0.9199899674	0.09465162266
215	0.9199899674	0.09456938207
216	0.9199899674	0.09450219021
217	0.9199899674	0.09446984709
218	0.9202207727	0.09439770323
219	0.9202207727	0.09435314318
220	0.9202207727	0.09429803108
221	0.9202207727	0.09423237202
222	0.9202207727	0.09419069901
223	0.9202207727	0.09416653673
224	0.9202207727	0.09408125755
225	0.9202207727	0.09403874667
226	0.9202207727	0.09396124307
227	0.9202207727	0.09392157652
228	0.9202207727	0.09387408401
229	0.9202207727	0.09380636614
230	0.9204915977	0.09369667046
231	0.9204915977	0.09326778711
232	0.9207225289	0.09321189464
233	0.9204915977	0.09319026902
234	0.9204915977	0.09314823188
235	0.9204915977	0.09308666363
236	0.9204915977	0.09304450767
237	0.9207225289	0.0930093115
238	0.9206827309	0.09295957571
239	0.9207225289	0.09289079807
240	0.920993228	0.09275404325
241	0.9212637914	0.09260003972
242	0.9215342191	0.0925686924
243	0.9215342191	0.0925252811
244	0.9215342191	0.09252323889
245	0.9215342191	0.09244157982
246	0.9213032581	0.09234072849
247	0.9213032581	0.09233280593
248	0.9215342191	0.09222400176
249	0.920993228	0.09213312854
250	0.921224285	0.09206585856
251	0.921224285	0.09204258498
252	0.9217652959	0.09199832927
253	0.9217652959	0.09196453954
254	0.92195734	0.09188340517
255	0.92195734	0.09185394048
256	0.9217260411	0.09183185071
257	0.921455458	0.09179896475
258	0.92195734	0.09168049977
259	0.92195734	0.0916486449
260	0.92195734	0.09163046512
261	0.9222277973	0.09157892306
262	0.9222277973	0.09151767258
263	0.9222277973	0.09144832473
264	0.9227295534	0.09141325905
265	0.9227295534	0.09138338709
266	0.9227295534	0.09137762804
267	0.9227295534	0.09133906608
268	0.9227295534	0.09122768658
269	0.9227295534	0.09110877841
270	0.9224592221	0.09106239532
271	0.9226907631	0.09095715202
272	0.9229611041	0.09093681874
273	0.9229224203	0.09081938601
274	0.9229611041	0.09071817873
275	0.9226907631	0.09066799212
276	0.9231541939	0.09052489084
277	0.9231927711	0.0904819309
278	0.9231927711	0.09043476583
279	0.9231927711	0.09038860422
280	0.9234245544	0.09033791741
281	0.9239648683	0.09027947053
282	0.9239648683	0.09021510509
283	0.9239648683	0.09014870933
284	0.9237330657	0.09009192222
285	0.9239648683	0.0900678796
286	0.9242728185	0.09002926621
287	0.9240030098	0.08998462621
288	0.9242348219	0.08994273746
289	0.9242348219	0.08991712947
290	0.9242348219	0.08986568777
291	0.9242348219	0.08981997081
292	0.9242348219	0.08974900518
293	0.924774323	0.0897262993
294	0.924774323	0.08971060864
295	0.924774323	0.08967983563
296	0.9242728185	0.08960578832
297	0.9245424919	0.08957420608
298	0.9245424919	0.08955357386
299	0.9245424919	0.08951146411
300	0.924774323	0.08942960202
301	0.924774323	0.08938008977
302	0.9250062704	0.08923917108
303	0.9250062704	0.08920294655
304	0.9255452494	0.08910985383
305	0.9255452494	0.08903184569
306	0.9252758275	0.08900121203
307	0.9252758275	0.08895724334
308	0.9252758275	0.08893562327
309	0.926548007	0.08888764371
310	0.9268170426	0.08876915069
311	0.926009531	0.08870223767
312	0.926009531	0.0886978529
313	0.926009531	0.08866806967
314	0.9263157895	0.08853160999
315	0.9260466282	0.0884395133
316	0.9263157895	0.08841781707
317	0.9260466282	0.08840045408
318	0.9262788365	0.08832667299
319	0.926009531	0.08827373099
320	0.926548007	0.08814785446
321	0.9268170426	0.08811600252
322	0.9275870709	0.08804883249
323	0.9278557114	0.08798714369
324	0.9286250939	0.08784634315
325	0.9291614518	0.08780689712
326	0.92889334	0.08775989569
327	0.9291614518	0.08769060319
328	0.9286250939	0.08760053716
329	0.9291614518	0.08747178202
330	0.9293940911	0.08741665747
331	0.9291259704	0.08737424199
332	0.929626847	0.08732261901
333	0.929626847	0.0872618976
334	0.9291259704	0.08719480814
335	0.9293940911	0.08715734145
336	0.9298948423	0.08711227527
337	0.9298948423	0.08709166427
338	0.9298948423	0.08703168746
339	0.9298948423	0.08699555923
340	0.9301627034	0.08697803681
341	0.9296620776	0.08695260235
342	0.9296620776	0.08694040458
343	0.9301976482	0.08683219131
344	0.9299299299	0.08677851946
345	0.9299299299	0.08672000189
346	0.9299299299	0.08667448565
347	0.9301627034	0.08658020956
348	0.9299299299	0.0865192527
349	0.9299299299	0.08647087377
350	0.9306980235	0.08642118909
351	0.9301627034	0.08638526567
352	0.9301627034	0.08635910009
353	0.9304304304	0.08615141692
354	0.9304304304	0.08610657176
355	0.9306980235	0.08601040445
356	0.9309654827	0.0858776714
357	0.9309654827	0.08580704826
358	0.9309654827	0.08573453691
359	0.9309654827	0.08570870192
360	0.9306980235	0.08564226001
361	0.9309654827	0.08555989788
362	0.9312328082	0.08545852054
363	0.9315	0.08540214873
364	0.9315	0.08538320793
365	0.9315	0.0853643222
366	0.9312328082	0.08528893942
367	0.9312328082	0.08526737186
368	0.9317329332	0.0852118998
369	0.9314657329	0.08514224809
370	0.9316987741	0.08504273091
371	0.9316987741	0.0850203634
372	0.9316987741	0.08496882606
373	0.9316987741	0.08491539523
374	0.9316987741	0.08489468264
375	0.9316987741	0.08486428885
376	0.9316987741	0.08476829389
377	0.9322330583	0.08470159546
378	0.9322330583	0.08465367438
379	0.9325	0.08461675635
380	0.9325	0.08460159577
381	0.9325	0.08459221007
382	0.9327668083	0.08456010578
383	0.9325	0.08450601866
384	0.9327668083	0.08447828462
385	0.9327668083	0.08445226551
386	0.9327668083	0.08443599962
387	0.9330334833	0.08438747911
388	0.9330334833	0.08436331975
389	0.9330334833	0.08434562203
390	0.9330334833	0.08428439243
391	0.9327668083	0.08423828357
392	0.9330334833	0.08421430096
393	0.9330334833	0.08421321335
394	0.9327668083	0.08415923313
395	0.9327668083	0.08412154974
396	0.9327668083	0.0840860784
397	0.9327668083	0.08404465021
398	0.9338327091	0.08382672703
399	0.9338327091	0.08382366755
400	0.9338327091	0.08381179507
401	0.9340659341	0.08377092019
402	0.9338327091	0.08366205174
403	0.9343320849	0.0836046043
404	0.9343320849	0.08359568164
405	0.9338327091	0.08354409002
406	0.9345981028	0.0834840357
407	0.9345981028	0.08342622933
408	0.9345981028	0.08342024659
409	0.9345981028	0.0833752112
410	0.9345981028	0.08336560905
411	0.9345981028	0.08332721972
412	0.9345981028	0.08312418244
413	0.9345981028	0.08309313105
414	0.9345981028	0.08306874567
415	0.9345981028	0.08303859069
416	0.9345981028	0.08300670888
417	0.9345981028	0.08296923159
418	0.9345981028	0.08284471089
419	0.9345981028	0.08274333459
420	0.9346307385	0.08263683319
421	0.9346307385	0.08257802022
422	0.9348964829	0.08255974381
423	0.9346307385	0.08252472687
424	0.9346307385	0.08251663498
425	0.9345981028	0.08232609267
426	0.9343648615	0.08228015931
427	0.9346307385	0.08198739325
428	0.9346307385	0.08196077638
429	0.9348964829	0.08192339558
430	0.9348964829	0.08183818504
431	0.9348964829	0.08182957041
432	0.9348964829	0.08177394224
433	0.9348964829	0.08168411724
434	0.9351620948	0.08165747744
435	0.9351620948	0.08161184789
436	0.9351620948	0.08153829283
437	0.9351620948	0.08150262174
438	0.9351620948	0.0814882079
439	0.9353953604	0.08143874675
440	0.935894238	0.08132272059
441	0.936159601	0.08124763031
442	0.9356287425	0.08117062601
443	0.936159601	0.08114293055
444	0.9364248317	0.08109616513
445	0.9364248317	0.08108412754
446	0.9364248317	0.08106981706
447	0.9364248317	0.08105668929
448	0.9364248317	0.08092138989
449	0.9364248317	0.08083587616
450	0.936159601	0.08081070519
451	0.936159601	0.0807552204
452	0.9364565163	0.08071203214
453	0.9364565163	0.08069521815
454	0.9364565163	0.08065787992
455	0.9364565163	0.08063388939
456	0.9364565163	0.08062036774
457	0.9366899302	0.08049333909
458	0.9366899302	0.08047567054
459	0.9366899302	0.08046912376
460	0.9366899302	0.08045343207
461	0.9366899302	0.08043871059
462	0.9366899302	0.08037982957
463	0.9369548966	0.08029922758
464	0.9367214748	0.08023484158
465	0.9364565163	0.08022728854
466	0.9367214748	0.08020683229
467	0.9367214748	0.08012169729
468	0.9367214748	0.08004660115
469	0.9369548966	0.07989897699
470	0.937717987	0.079732505
471	0.9374844334	0.07972256639
472	0.9374844334	0.07971044168
473	0.9379825654	0.07965471981
474	0.9379825654	0.07960481645
475	0.9379825654	0.07959551885
476	0.937717987	0.07950588874
477	0.937717987	0.07950085016
478	0.9374844334	0.07944325596
479	0.937749004	0.07935517374
480	0.937749004	0.07934255797
481	0.9382777501	0.07928731999
482	0.9382777501	0.0792179189
483	0.9382777501	0.07912323021
484	0.9382777501	0.07904695987
485	0.9382162431	0.07891004799
486	0.9384806974	0.07886108925
487	0.9384806974	0.0788563475
488	0.9379825654	0.07882029016
489	0.9385113269	0.07868433885
490	0.9387755102	0.07866900206
491	0.9390092109	0.07865020309
492	0.9389788294	0.07856741204
493	0.9387144993	0.078521208
494	0.9389788294	0.07850476942
495	0.9392127554	0.07848507407
496	0.9394769614	0.07836687028
497	0.9394769614	0.07835534993
498	0.9394769614	0.07833364997
499	0.9394769614	0.07829267892
500	0.9397410359	0.07825741842
501	0.9397110115	0.07800669285
502	0.9397110115	0.07800008646
503	0.9397110115	0.07799359682
504	0.9397110115	0.07798908097
505	0.9397110115	0.07796209595
506	0.9402390438	0.07794695869
507	0.9402390438	0.07793954545
508	0.9399451782	0.07779149775
509	0.9394769614	0.07771553671
510	0.9397110115	0.07770075832
511	0.9399750934	0.07769644629
512	0.9399451782	0.07766573884
513	0.9399750934	0.07757057732
514	0.9399451782	0.07744954663
515	0.9404138619	0.07740833971
516	0.9401794616	0.07737995052
517	0.9401496259	0.07732649098
518	0.9401496259	0.07726406531
519	0.9404435584	0.07714009593
520	0.9401794616	0.07710853809
521	0.9399451782	0.07695556371
522	0.9399451782	0.07673685857
523	0.9399451782	0.07673155168
524	0.9404435584	0.07670586847
525	0.9401794616	0.07663324199
526	0.9401794616	0.07658288682
527	0.9404435584	0.07644129276
528	0.9409713574	0.07638781334
529	0.9409713574	0.07636061532
530	0.9407075237	0.07629390803
531	0.9407075237	0.0762713727
532	0.9407075237	0.07624910616
533	0.9407075237	0.07620089314
534	0.9407075237	0.0761273308
535	0.9409419387	0.0760194146
536	0.9411764706	0.07594483304
537	0.9411764706	0.07594082554
538	0.9411764706	0.07593696939
539	0.941440319	0.07591731335
540	0.9411764706	0.07586320816
541	0.9411764706	0.07581017699
542	0.9411764706	0.07579352519
543	0.9411764706	0.0757895175
544	0.9411764706	0.0757533711
545	0.941440319	0.07574028028
546	0.941440319	0.07572654661
547	0.941440319	0.07572119465
548	0.941440319	0.07570456506
549	0.9417040359	0.07564985383
550	0.9419676214	0.07550252449
551	0.9419676214	0.07545545317
552	0.9419676214	0.0754458032
553	0.9419676214	0.07542306178
554	0.9419676214	0.07528146838
555	0.9419676214	0.07527316505
556	0.9419676214	0.0752473094
557	0.942202292	0.07512637567
558	0.942202292	0.07493351813
559	0.942202292	0.07489254446
560	0.9427290837	0.07482117239
561	0.9427290837	0.07478522111
562	0.9427290837	0.07476778936
563	0.9427290837	0.07475601966
564	0.9427575908	0.07466497986
565	0.9432835821	0.07464679636
566	0.9432835821	0.07463464032
567	0.9430206519	0.07460585248
568	0.9430206519	0.07459290727
569	0.9430206519	0.07453253323
570	0.9432835821	0.0745202868
571	0.9432835821	0.0745087055
572	0.9432835821	0.07439657686
573	0.9435182881	0.07438483906
574	0.9437810945	0.07430705206
575	0.9437810945	0.07425859376
576	0.9437810945	0.07424071491
577	0.9440159244	0.0740992961
578	0.9440159244	0.07404676435
579	0.9440159244	0.07399331508
580	0.9440159244	0.07399086768
581	0.944278607	0.07388755336
582	0.944278607	0.0738684779
583	0.944278607	0.0738412061
584	0.944278607	0.07380925261
585	0.944278607	0.07379109524
586	0.944278607	0.07373573843
587	0.9448035803	0.0735645999
588	0.9448035803	0.0735512436
589	0.9448035803	0.07350367581
590	0.9448035803	0.07343080633
591	0.9448035803	0.07338111772
592	0.9448035803	0.07335024552
593	0.9448035803	0.07333693104
594	0.9448035803	0.07328564375
595	0.9453008454	0.07315469553
596	0.9455630127	0.07305770708
597	0.9453280318	0.07305304445
598	0.9455630127	0.07303509481
599	0.9455900621	0.07302206037
600	0.9458250497	0.07294515823
601	0.9458250497	0.07286332585
602	0.9458250497	0.0728193937
603	0.9458250497	0.07281630835
604	0.9458250497	0.07280130897
605	0.9458250497	0.07279252205
606	0.9455900621	0.07266322368
607	0.9460601541	0.07253177409
608	0.9460601541	0.0725236075
609	0.9460601541	0.07251343645
610	0.9460601541	0.07250876234
611	0.9463220676	0.07243955823
612	0.9463220676	0.07237811298
613	0.9463220676	0.07236993917
614	0.9465838509	0.07235023887
615	0.9465838509	0.07232983546
616	0.9465838509	0.07232072438
617	0.9465838509	0.07228458481
618	0.9468455042	0.07226393391
619	0.9471070276	0.07224560239
620	0.9468455042	0.07222392423
621	0.9471070276	0.07220219035
622	0.9471070276	0.07217859595
623	0.9470807453	0.07213271857
624	0.9471070276	0.07209861537
625	0.9473684211	0.07204256717
626	0.9476296848	0.07200000655
627	0.9481260859	0.07189962868
628	0.9483614697	0.0717393703
629	0.9476036752	0.07170550079
630	0.9476296848	0.07168467097
631	0.9473684211	0.0716273808
632	0.9473684211	0.07160113595
633	0.9476296848	0.07159859051
634	0.9481518234	0.07155153366
635	0.9483870968	0.07143028208
636	0.9486479782	0.07133944496
637	0.9488833747	0.07132013952
638	0.948622487	0.07121862062
639	0.948622487	0.07121740878
640	0.948622487	0.07117642829
641	0.949144133	0.07113728136
642	0.9493796526	0.07103724027
643	0.9494047619	0.0709947038
644	0.9491693528	0.07091056522
645	0.9491693528	0.07086451712
646	0.9494047619	0.07082726394
647	0.9496652616	0.07069133886
648	0.9499007937	0.07062805362
649	0.9501611703	0.07056807556
650	0.9501611703	0.07056026202
651	0.9499007937	0.07048195217
652	0.9501364426	0.0704245812
653	0.9503968254	0.07034420147
654	0.9503968254	0.07033565193
655	0.9503968254	0.07025798342
656	0.9503968254	0.07023514709
657	0.9501611703	0.07018522692
658	0.9504214179	0.07013458783
659	0.9504214179	0.07011825385
660	0.9506570791	0.07011237674
661	0.9504214179	0.07007980698
662	0.9506570791	0.07005888499
663	0.9509172038	0.07005204562
664	0.9506570791	0.06998640661
665	0.9506815366	0.0699261118
666	0.9506815366	0.06986758414
667	0.9506815366	0.06983975062
668	0.9506815366	0.06974275207
669	0.9506815366	0.06967104519
670	0.9506815366	0.06961729694
671	0.9506815366	0.06956487598
672	0.9504214179	0.06953138063
673	0.9504214179	0.06952372177
674	0.9504214179	0.06951296246
675	0.9504214179	0.06950377032
676	0.9504459861	0.06944664221
677	0.9504459861	0.06939734213
678	0.9506815366	0.06932592075
679	0.9504459861	0.0693217344
680	0.9506815366	0.06927420992
681	0.9506815366	0.06926365397
682	0.9509415263	0.06921179599
683	0.9506815366	0.06909810162
684	0.9509415263	0.06899401122
685	0.9509415263	0.06895624187
686	0.9509415263	0.06889667901
687	0.9509415263	0.06889133396
688	0.9509415263	0.06888503107
689	0.9509415263	0.0688112044
690	0.9512013872	0.06871797307
691	0.9512013872	0.06871201085
692	0.9512013872	0.06870794656
693	0.9509415263	0.06869336096
694	0.9509415263	0.06869013056
695	0.9509415263	0.06866419164
696	0.9512013872	0.06864300104
697	0.9512013872	0.06863641179
698	0.9512013872	0.06861683082
699	0.9514611194	0.06858133555
700	0.9512013872	0.06856040648
701	0.9512013872	0.06854676841
702	0.9512013872	0.06853888665
703	0.9512013872	0.06853365542
704	0.9512013872	0.06843350124
705	0.9514611194	0.06838529093
706	0.951720723	0.06835461105
707	0.951720723	0.06828880743
708	0.9514611194	0.06826733476
709	0.9514611194	0.06826263943
710	0.9512013872	0.06825088829
711	0.9514611194	0.06823626847
712	0.951720723	0.06822232481
713	0.951720723	0.06816762419
714	0.951720723	0.06814335922
715	0.9514611194	0.06810601795
716	0.9514611194	0.06810249754
717	0.9514611194	0.06805748912
718	0.9514611194	0.06804531847
719	0.9512013872	0.06803251507
720	0.9512013872	0.06794196525
721	0.9512013872	0.06793426964
722	0.9512013872	0.06787977513
723	0.9512013872	0.06787752817
724	0.9514611194	0.06783858355
725	0.951720723	0.06782890166
726	0.951720723	0.06782791775
727	0.9514611194	0.06782245998
728	0.9516968046	0.06773726671
729	0.9516968046	0.06769334538
730	0.9516968046	0.06766897018
731	0.9516968046	0.06766599077
732	0.9514611194	0.06765372614
733	0.9514611194	0.06763948811
734	0.9514611194	0.06763133887
735	0.9514611194	0.06750794543
736	0.9514611194	0.0674575903
737	0.951720723	0.06743646693
738	0.951720723	0.06743099432
739	0.951720723	0.06742774901
740	0.9509415263	0.06739547023
741	0.9514611194	0.06735830873
742	0.9512013872	0.06732079408
743	0.9512013872	0.06731279623
744	0.9514611194	0.06718678819
745	0.951720723	0.06713625956
746	0.951720723	0.06706759835
747	0.9514611194	0.06703336863
748	0.9514611194	0.06699653852
749	0.952498763	0.06689627254
750	0.952498763	0.06688987197
751	0.952498763	0.06688282313
752	0.952498763	0.06684744986
753	0.9522395447	0.06680080742
754	0.952498763	0.06673387587
755	0.952498763	0.06672950188
756	0.952498763	0.06672550788
757	0.9524752475	0.06662576181
758	0.9524752475	0.06661685447
759	0.9524752475	0.06660702196
760	0.9524752475	0.06660164692
761	0.952970297	0.06654668198
762	0.952970297	0.06652912778
763	0.952970297	0.06649927988
764	0.9532293987	0.06645374322
765	0.9532293987	0.06643805311
766	0.9537472174	0.06636277075
767	0.9537472174	0.06636230724
768	0.9537472174	0.06632721968
769	0.9537472174	0.06628389809
770	0.9540059347	0.06624969595
771	0.9540059347	0.0662494016
772	0.9540059347	0.06624633215
773	0.9537472174	0.06621270039
774	0.9537472174	0.06617152075
775	0.9540059347	0.06605600806
776	0.9540059347	0.06604863465
777	0.9540059347	0.06603303791
778	0.9540059347	0.06600606752
779	0.9540059347	0.06597494602
780	0.9542645241	0.06593475253
781	0.9542645241	0.06592073733
782	0.9542645241	0.06589746967
783	0.9542645241	0.06584614038
784	0.9542645241	0.06579599634
785	0.9542645241	0.06573675875
786	0.9545004946	0.06567805323
787	0.9545004946	0.06562778096
788	0.9547589617	0.06557188106
789	0.9547589617	0.06557112245
790	0.9545004946	0.0655254188
791	0.9545004946	0.0654766758
792	0.9545004946	0.06546323338
793	0.9547365817	0.06543325404
794	0.9547365817	0.0654296941
795	0.9547365817	0.06540922975
796	0.9549727857	0.06532881214
797	0.9549727857	0.06528902578
798	0.9549727857	0.06522622534
799	0.9549727857	0.06522365307
800	0.9554675903	0.06516704035
801	0.9554675903	0.06516459484
802	0.9554675903	0.06505446657
803	0.9554675903	0.06505443242
804	0.9554675903	0.06501889294
805	0.9554675903	0.06498095298
806	0.9554675903	0.06493647468
807	0.9554675903	0.06490589008
808	0.9554675903	0.06490094008
809	0.9557259461	0.06485088844
810	0.9554675903	0.06480903852
811	0.9554675903	0.06479794048
812	0.9559841741	0.06476697464
813	0.9559841741	0.06471905314
814	0.9559841741	0.06467844163
815	0.9557478368	0.06462643217
816	0.9557478368	0.06461182411
817	0.9557478368	0.06456525676
818	0.9562638992	0.06448613934
819	0.9562638992	0.06439930694
820	0.9562638992	0.06439928299
821	0.9565002472	0.06435956802
822	0.9562638992	0.06431476379
823	0.9562638992	0.06428842754
824	0.956736712	0.06425489076
825	0.956736712	0.0642385075
826	0.956736712	0.06423475033
827	0.956736712	0.06419984888
828	0.956736712	0.06413175955
829	0.956736712	0.06408554574
830	0.9569732938	0.06404532821
831	0.9569732938	0.06398956698
832	0.9569732938	0.06397546337
833	0.9569732938	0.06392814596
834	0.9569732938	0.06390431836
835	0.9569732938	0.0638964731
836	0.9569732938	0.0638943365
837	0.9572311496	0.06386340448
838	0.9572311496	0.06383770191
839	0.9572311496	0.06381641702
840	0.9569732938	0.06378486971
841	0.9569732938	0.06373269722
842	0.9569732938	0.06368610452
843	0.9572311496	0.0636630379
844	0.9572311496	0.06366027921
845	0.9572311496	0.06364000594
846	0.9572311496	0.06363427465
847	0.9572311496	0.06360570728
848	0.9572311496	0.06359024209
849	0.9572311496	0.06352325882
850	0.9572311496	0.06349644131
851	0.9572311496	0.06343290188
852	0.9574888779	0.06337931905
853	0.9574888779	0.06334580875
854	0.9574888779	0.063293501
855	0.9574888779	0.06328704246
856	0.9577255871	0.06324217544
857	0.9577255871	0.06323926156
858	0.9577255871	0.06323709739
859	0.9577255871	0.06322154716
860	0.9577255871	0.06319470869
861	0.9577255871	0.06315899795
862	0.9577255871	0.06313101014
863	0.9577255871	0.06310864448
864	0.9577255871	0.06307471699
865	0.9577255871	0.06307184544
866	0.9577255871	0.06307015569
867	0.9579624135	0.06303379139
868	0.9579624135	0.06300755454
869	0.9579624135	0.06300098194
870	0.9579624135	0.06295504683
871	0.9579624135	0.06291216018
872	0.9577255871	0.06282789982
873	0.9579624135	0.06271470527
874	0.9579624135	0.06271228464
875	0.9579624135	0.06270611134
876	0.9579624135	0.06270305551
877	0.9579624135	0.06270061823
878	0.9579624135	0.06268775637
879	0.9577255871	0.06263772327
880	0.9577255871	0.06262300266
881	0.9577255871	0.06259739016
882	0.9579624135	0.06258793623
883	0.9579624135	0.06255975812
884	0.9577255871	0.06253973339
885	0.9579624135	0.06251144926
886	0.9579624135	0.06250928375
887	0.9577255871	0.06247172467
888	0.9577255871	0.06241955444
889	0.9574888779	0.06236639344
890	0.9574888779	0.06233205089
891	0.9574888779	0.0623016837
892	0.9574888779	0.06229765597
893	0.9574888779	0.06228759463
894	0.9574888779	0.06223817464
895	0.9574888779	0.06222619286
896	0.9574888779	0.0621787056
897	0.9574888779	0.06215224448
898	0.9577255871	0.0620698818
899	0.9579624135	0.06205528544
900	0.9577255871	0.0620457359
901	0.9577255871	0.06204348249
902	0.9579624135	0.06203736701
903	0.9579624135	0.06203394351
904	0.9577255871	0.06202348687
905	0.9579624135	0.06198798021
906	0.9574888779	0.06193124419
907	0.9574888779	0.06185282727
908	0.9577255871	0.06183300975
909	0.9582200247	0.06175970399
910	0.9582200247	0.06171978277
911	0.9582200247	0.06169359085
912	0.9584569733	0.06164468004
913	0.9587144623	0.06158584447
914	0.9587144623	0.06156286008
915	0.9587144623	0.06154994201
916	0.9587144623	0.06153690343
917	0.9587144623	0.06150974816
918	0.9587144623	0.06150408352
919	0.9584775087	0.06144081761
920	0.9584775087	0.06142156578
921	0.9584775087	0.06138401794
922	0.9584775087	0.0613523494
923	0.9587144623	0.06131410831
924	0.9582406721	0.06124941644
925	0.9582406721	0.06122746627
926	0.9582406721	0.06121060232
927	0.9582406721	0.06116085159
928	0.9584775087	0.06110233795
929	0.9582406721	0.06104358367
930	0.9582406721	0.06102169752
931	0.9584775087	0.06100120989
932	0.9584980237	0.06091639956
933	0.9587552482	0.06082023076
934	0.9592491973	0.06076763731
935	0.9592491973	0.06074627496
936	0.9592491973	0.06071001045
937	0.9590123457	0.06060522681
938	0.9590123457	0.06059147726
939	0.9597232518	0.06056134726
940	0.9597232518	0.06050981309
941	0.9597232518	0.06050792323
942	0.9597232518	0.06046366288
943	0.9597232518	0.06044078293
944	0.9597232518	0.0604380119
945	0.9597232518	0.06042225783
946	0.9597232518	0.06041845349
947	0.9597232518	0.06037435204
948	0.9597232518	0.06036506516
949	0.9597232518	0.06033150245
950	0.9597232518	0.06032149788
951	0.9597232518	0.06029221583
952	0.9597232518	0.06024334407
953	0.9597232518	0.06023517717
954	0.9599604548	0.06019557064
955	0.9599604548	0.06017645573
956	0.960217445	0.06015120713
957	0.9604743083	0.06006903019
958	0.9604743083	0.06005250242
959	0.9604743083	0.06003291961
960	0.9604743083	0.06002134132
961	0.9604743083	0.06000367157
962	0.9604743083	0.05999415535
963	0.9604743083	0.05999112065
964	0.9602370956	0.05998172919
965	0.9604743083	0.05990967723
966	0.9604743083	0.05990610614
967	0.9604743083	0.05990610339
968	0.9604743083	0.05987553839
969	0.9604743083	0.05985876834
970	0.9604938272	0.05982869605
971	0.9604938272	0.05979885022
972	0.9604938272	0.05978391816
973	0.9607310447	0.05975647032
974	0.9607310447	0.05975408644
975	0.9607310447	0.05970901147
976	0.9607310447	0.05969739855
977	0.9607310447	0.05966153466
978	0.9609876543	0.05959308994
979	0.9609876543	0.05950568949
980	0.9609876543	0.05941929031
981	0.9604938272	0.05939173696
982	0.960750432	0.05936343931
983	0.960750432	0.05936066821
984	0.960750432	0.05935057291
985	0.960750432	0.05933458705
986	0.960750432	0.05929279948
987	0.960750432	0.05928414818
988	0.9609876543	0.05922110191
989	0.9609876543	0.05921445606
990	0.9609876543	0.0591784069
991	0.9609876543	0.05914960944
992	0.960750432	0.05913734133
993	0.9609876543	0.05907228387
994	0.9609876543	0.05903517985
995	0.9609876543	0.05903289535
996	0.960750432	0.058998483
997	0.9609876543	0.05899305805
998	0.960750432	0.05898350692
999	0.960750432	0.05897338334
